Latitude,Longitude,Magnitude,Depth,Datetime
3.781,-32.002,5.5,10.0,1996-12-15 15:41:00
-10.786,-128.798,6.7,15.0,1994-02-12 04:16:27
-4.823,128.973,5.7,34.1,1989-07-07 19:41:19
-5.878,151.628,5.5,33.0,1998-10-07 08:30:19
-25.015,-13.715,5.5,10.0,2004-08-23 00:57:14
-20.083,-178.318,5.6,607.4,1985-08-06 00:14:36
50.167,-176.273,5.7,33.0,1981-02-05 10:52:02
25.303,62.399,5.5,33.0,1978-02-10 20:50:47
5.979,126.617,5.5,46.4,1982-09-24 22:51:52
43.393,132.267,6.2,481.1,2003-08-31 23:08:00
16.385,120.412,5.6,18.2,1990-07-16 09:29:07
-11.16,162.44,6.0,33.0,2001-01-02 23:17:42
-55.883,-122.721,6.2,10.0,2007-02-04 21:17:47
-16.7374,175.2475,6.1,10.0,2015-12-09 12:58:02
-22.293,-179.692,5.7,592.6,1996-04-20 23:03:30
45.513,151.004,5.6,45.0,1969-10-31 06:43:23
13.865,144.503,5.5,116.8,1986-12-27 02:28:42
-0.944,126.791,5.6,34.0,2003-02-20 10:37:05
44.12,145.389,6.7,170.0,1965-10-25 22:34:24
1.404,128.137,5.5,56.8,1983-11-07 16:46:14
-4.357,152.707,6.2,33.0,1999-04-01 21:36:21
2.267,126.908,5.5,70.3,1987-06-21 00:02:46
-6.873,116.72,6.5,510.6,2011-03-10 17:08:37
-7.945,124.825,5.8,28.1,2005-03-20 17:15:04
5.161,127.412,5.7,90.0,1967-05-09 21:30:07
-14.668,-71.514,5.6,143.8,2003-05-24 00:30:47
-54.355,143.865,5.8,10.0,1982-09-20 13:56:09
-9.051,-109.44,5.9,10.0,2011-09-23 19:02:48
-21.103,169.283,6.1,9.0,2007-09-27 19:57:44
50.05,156.113,6.1,56.0,1974-05-15 18:59:56
1.889,128.478,6.1,23.4,1995-05-04 02:18:48
-29.1504,-112.4834,5.9,10.0,2014-06-05 17:22:05
48.241,153.104,5.8,123.5,1971-03-03 21:54:10
-0.256,-18.175,5.7,10.0,2007-08-20 12:37:07
7.715,-36.963,5.9,10.0,1990-05-27 21:52:56
-5.6841,102.4776,5.7,27.0,2015-04-20 09:05:34
-23.208,169.147,5.5,10.0,1995-08-08 15:33:45
-22.167,171.479,6.0,90.0,1972-10-15 10:28:08
-6.035,154.51,5.6,32.2,1995-07-19 20:56:25
-23.357,-66.712,5.9,208.4,2010-01-28 08:04:14
26.864,-111.209,5.9,10.0,2006-07-30 01:20:59
-23.438,-175.47,5.6,50.0,1994-07-19 11:59:45
-20.693,-174.01,5.6,10.0,2009-11-24 13:04:23
-49.162,164.669,5.5,10.0,2000-03-07 05:48:19
35.121,70.486,5.8,113.9,1990-10-25 04:54:00
44.4584,-129.8114,5.8,10.0,2015-06-01 06:52:41
11.422,122.073,5.7,26.9,1988-11-07 07:39:29
-55.413,-27.654,5.7,33.0,1995-07-01 23:57:44
44.578,149.129,5.7,40.0,2009-10-13 10:15:13
17.733,-61.572,5.6,44.7,1998-06-25 21:03:45
-53.553,-3.169,5.9,10.0,2000-07-25 03:14:30
34.127,139.18,5.7,10.0,2000-08-18 01:52:21
58.62,157.752,5.7,10.0,1996-07-07 10:50:00
-16.995,-177.048,5.6,411.4,1993-11-30 20:44:13
-5.314,151.488,5.6,62.5,1987-03-15 21:42:17
-10.143,113.623,5.8,33.0,1994-06-09 16:37:47
-4.694,153.108,5.5,46.6,2005-02-20 12:14:52
-25.083,179.705,5.6,515.6,1984-11-12 10:51:47
-27.179,-11.334,5.8,10.0,1988-01-15 21:07:11
-35.1,-179.985,5.8,35.0,1972-07-16 04:21:38
34.758,25.345,5.6,45.0,2008-03-28 00:16:20
10.782,-43.498,5.7,33.0,1976-05-14 06:25:34
-1.905,99.637,6.1,28.9,1972-12-08 18:13:06
6.498,-82.371,5.8,10.0,1997-05-19 02:25:50
50.101,156.744,5.7,49.0,1973-03-12 11:14:24
71.067,-7.747,6.0,12.2,2004-04-14 23:07:40
-14.998,167.929,6.7,14.5,1987-01-03 22:04:05
-22.504,170.635,6.7,29.8,1981-11-24 23:30:33
27.155,127.419,6.0,83.0,1991-04-14 08:08:56
-26.057,-177.518,5.8,132.7,1985-01-04 02:17:35
-47.572,99.919,5.8,33.0,1976-04-25 22:21:41
22.917,101.101,6.4,10.0,1971-04-28 15:32:02
-24.335,-174.922,5.9,10.0,2013-05-24 11:10:49
-60.3933,-26.9077,5.8,10.0,2015-04-30 10:19:08
-0.266,125.094,6.0,42.3,1996-08-12 17:00:28
-22.791,-70.769,5.9,29.9,2007-11-19 23:30:29
-28.681,-178.916,6.1,351.0,2013-04-26 06:53:29
-30.238,-178.133,5.9,33.0,2000-01-16 15:00:41
49.282,147.693,6.8,542.0,1987-05-18 03:07:34
-19.863,-175.727,5.9,220.5,1971-12-27 11:00:57
11.663,43.035,5.9,31.0,1973-04-01 07:12:37
22.2432,143.7548,5.6,104.46,2016-10-20 06:25:56
9.109,93.756,6.1,8.0,2004-12-29 01:50:53
-21.246,-68.372,5.7,115.4,2004-06-17 01:16:01
-4.471,144.042,6.0,112.0,1973-08-13 08:28:20
29.974,51.679,6.1,33.0,1988-08-11 16:04:46
-31.33,-71.992,6.5,11.7,1992-11-28 03:13:33
23.251,124.15,5.7,14.4,2000-11-08 18:36:22
-1.983,124.704,5.5,35.6,1981-07-08 10:15:35
-56.2564,-27.5372,5.9,99.0,2016-07-31 11:33:21
-7.3308,120.0106,6.1,549.92,2013-09-21 01:39:16
0.638,-84.982,6.3,15.0,1969-10-01 17:10:55
-6.488,154.799,5.9,50.3,1996-09-15 18:17:39
-16.867,168.129,6.0,16.0,1992-04-07 22:47:29
-35.541,-73.475,5.5,14.4,2010-03-19 08:54:44
-15.766,-73.978,5.6,59.1,2009-12-24 14:01:59
44.14,148.242,6.3,31.0,1969-08-13 22:57:09
-2.329,136.484,6.6,10.5,2010-06-16 03:58:08
44.343,149.737,6.8,33.0,1978-03-23 19:12:24
40.179,143.29,6.1,31.8,1968-05-25 11:52:58
-6.252,154.441,5.7,50.0,1980-07-21 00:45:10
37.2833,23.8711,5.6,107.0,2014-04-04 20:08:07
-15.232,-173.631,5.5,33.0,1983-06-15 06:07:55
-4.6,102.234,5.5,47.0,1977-06-25 06:39:18
-8.3029,146.9838,5.6,4.0,2014-03-31 13:40:58
-6.377,130.209,5.5,140.5,2000-08-05 08:30:10
54.899,166.054,5.9,25.0,1969-01-20 14:20:13
-16.784,168.31,6.0,14.3,1992-04-08 13:36:56
18.831,120.981,6.0,23.5,1987-02-11 06:12:53
85.644,86.259,5.8,10.0,1999-03-28 21:33:44
48.168,103.036,7.0,13.2,1967-01-05 00:14:41
-3.414,145.659,6.1,33.0,1988-04-08 23:21:12
-5.977,154.39,5.9,65.0,1971-07-09 09:49:45
11.407,-86.252,5.8,40.5,2005-07-02 04:11:04
-31.052,-177.117,5.9,10.0,2004-05-30 21:11:25
78.967,3.604,5.6,10.0,1991-09-01 06:51:05
1.073,-29.087,5.5,10.0,1996-08-30 11:41:56
37.155,141.573,6.7,30.3,1987-04-22 20:13:23
43.11,148.292,6.1,25.0,1969-08-15 10:02:19
-7.656,108.252,6.1,62.0,1979-11-02 15:53:03
-15.132,168.162,6.1,6.0,2010-07-22 05:03:56
-56.7511,-25.4248,5.5,10.0,2014-12-11 13:53:29
51.633,-176.308,5.5,52.9,1972-12-26 22:03:43
3.194,125.822,5.6,75.0,1971-09-26 15:25:23
40.358,42.346,5.7,19.3,1999-12-03 17:06:55
-25.562,-70.97,5.6,24.0,1978-01-04 13:19:21
43.666,147.804,5.6,35.0,1969-08-11 23:42:04
-8.254,115.847,6.2,38.0,1979-10-20 01:41:10
-56.452,-27.043,6.0,95.0,1965-01-16 11:32:37
36.337,52.841,5.6,20.0,1971-08-09 02:54:37
11.86,92.372,6.1,19.0,2006-02-03 20:34:11
-34.625,-178.966,5.5,44.1,2008-02-27 04:54:28
1.291,122.106,5.6,35.0,2008-11-16 17:34:39
-4.241,140.644,5.6,74.7,1994-02-08 21:56:16
1.068,124.04,6.0,17.5,1992-06-06 21:40:41
-33.803,56.334,5.7,10.0,1988-04-12 20:26:19
42.996,146.409,5.9,33.0,1973-06-17 04:09:12
44.103,83.55,5.8,26.0,1973-06-02 23:57:04
-4.668,153.137,6.5,60.0,1970-08-28 01:02:47
7.5014,136.769,5.6,5.0,2014-07-28 03:36:46
31.401,27.667,5.5,10.0,1998-05-28 18:33:28
4.741,94.771,5.9,29.0,2006-11-18 13:57:54
45.502,153.73,5.5,16.1,2009-08-27 20:10:33
-15.041,-70.445,6.1,198.9,2009-07-12 06:12:47
-0.101,122.931,5.6,125.0,1972-09-22 17:36:02
51.377,-179.54,5.7,35.0,2006-08-26 23:46:19
-32.9373,-178.3856,5.6,10.0,2016-03-01 09:26:45
36.427,71.443,5.6,131.7,1983-10-30 01:45:51
-58.631,-25.596,5.6,92.0,1979-09-16 00:20:31
40.101,142.318,5.5,49.0,1989-11-06 08:56:19
-22.191,171.475,6.2,108.2,1996-05-26 01:43:45
-15.473,168.082,5.7,10.0,2004-10-30 13:26:50
51.204,179.308,5.6,33.0,1993-12-03 05:41:08
-4.612,101.905,6.7,33.0,2000-06-07 23:45:27
-16.713,177.231,5.5,14.0,1982-02-20 09:17:04
-22.127,174.9,6.6,18.5,1988-07-23 14:25:37
-3.959,153.93,6.8,386.0,1995-06-24 06:58:07
42.42,41.075,5.7,15.2,2012-12-23 13:31:41
-7.782,117.413,5.6,274.4,1997-02-15 12:11:15
-19.489,-177.456,6.5,394.5,1987-02-10 00:59:29
53.263,159.699,5.7,51.4,2006-09-01 10:25:17
51.753,-166.313,6.0,8.0,2004-08-07 09:30:17
4.454,125.26,5.5,179.0,1975-04-18 10:05:34
39.788,143.572,6.1,33.0,1995-02-23 05:27:40
-45.614,96.051,5.9,10.0,2005-05-14 10:26:44
34.27,-117.993,5.8,8.049,1991-06-28 14:43:55
-30.106,-178.012,5.9,18.6,2005-05-29 21:44:27
-50.599,162.328,5.5,10.0,2006-11-15 00:53:25
-29.59,-112.051,5.9,10.0,2007-02-14 01:29:07
7.704,-77.717,5.7,5.0,1974-07-13 17:58:41
-54.158,158.89,6.5,10.0,1980-02-07 10:49:16
51.437,-177.797,6.0,33.0,2001-02-01 18:19:30
6.756,123.561,5.5,595.7,1997-12-02 11:47:47
15.219,122.624,6.2,25.0,1970-04-15 13:14:25
-17.169,-176.916,5.6,33.0,1994-08-06 00:45:19
63.315,-145.634,5.6,3.8,2002-11-03 22:32:18
-60.8623,-19.9775,6.4,10.0,2014-03-11 02:44:06
33.08,-115.78,6.0,5.0,1987-11-24 01:54:14
-10.07,-75.278,5.5,40.0,1975-03-18 01:10:54
-19.614,-175.85,6.0,205.4,2005-08-06 09:56:14
54.776,-161.339,6.2,35.1,1995-03-14 17:33:51
22.564,121.926,6.0,36.2,2007-01-25 10:59:18
-22.3,169.535,5.5,10.0,2004-01-03 09:45:19
-0.274,125.201,5.5,33.0,1996-12-05 23:29:07
-12.5993,-76.2025,5.5,76.57,2013-11-25 20:06:56
-0.877,133.697,5.5,33.0,2003-08-23 02:46:00
-5.3105,153.2532,5.5,35.0,2016-01-26 20:03:47
-20.435,172.94,6.3,20.0,1972-01-22 21:50:39
-3.313,135.856,5.8,23.7,1996-05-11 09:35:06
-29.492,-177.136,6.3,19.7,1993-09-13 12:37:52
-5.39,154.081,5.6,109.0,1976-05-27 20:40:29
23.7553,121.5005,5.6,13.0,2014-05-21 00:21:13
-11.36,116.685,6.7,33.0,1978-04-10 20:52:19
10.138,126.066,5.5,76.9,1988-09-26 14:03:57
-10.937,163.76,6.4,32.1,1985-06-23 19:49:54
49.937,178.166,6.8,19.7,1965-10-01 08:52:06
-6.313,154.778,5.9,56.0,1976-02-22 18:28:58
-11.429,166.29,5.8,43.6,1992-12-19 06:44:02
-4.056,152.156,6.2,20.0,1970-07-19 09:22:44
-34.207,-72.02,5.7,57.0,1985-03-23 13:45:23
8.493,-83.206,5.9,17.0,2009-03-11 21:03:59
52.655,-169.333,5.7,10.0,2010-07-19 08:20:30
51.398,179.963,5.8,35.0,2009-12-17 20:01:22
-24.359,-176.93,5.6,107.5,1995-03-24 07:11:40
-8.861,124.343,5.5,99.5,2004-10-25 01:51:02
51.9091,178.4438,5.8,100.3,2014-06-24 00:52:28
26.741,140.17,5.9,440.6,1999-01-12 02:32:26
-9.948,33.878,5.9,8.0,2009-12-08 03:08:57
-17.344,-175.325,5.5,33.0,1985-06-06 15:35:15
-41.7875,174.3064,5.5,10.0,2016-11-15 01:34:44
-22.504,-174.944,5.6,10.0,2011-08-20 01:25:00
19.354,-64.932,6.0,33.0,2001-10-17 11:29:10
-11.378,166.273,6.0,42.0,2007-08-12 12:05:20
-51.874,139.755,5.5,10.0,2006-11-16 11:20:45
-23.527,-177.138,5.5,150.5,1983-08-21 22:57:29
5.609,-82.645,6.2,10.0,1999-12-28 12:46:58
-9.849,160.45,6.2,46.0,1978-04-29 04:21:10
-24.789,-175.612,5.5,33.0,1982-12-19 20:14:19
-17.611,167.812,6.0,15.0,2009-06-12 09:44:15
-17.712,-174.371,5.8,118.0,1985-02-01 00:47:16
-22.431,-174.87,5.5,33.3,1992-09-10 23:20:29
-0.717,121.631,6.1,45.0,1969-02-04 01:38:30
15.2767,-45.9886,6.0,10.0,2015-09-18 15:59:43
-54.592,-132.516,5.8,10.0,1991-04-05 18:34:53
1.056,121.5,5.6,30.3,1990-07-06 13:39:32
-26.397,178.201,5.5,633.2,2002-11-16 20:44:50
-25.826,178.169,5.7,648.8,1987-07-07 18:12:53
-33.281,-71.955,6.0,35.0,2010-02-27 10:30:36
22.418,98.852,6.2,9.6,1992-04-23 15:32:49
-7.532,127.77,6.5,158.8,1994-07-13 11:45:23
24.897,-112.393,5.5,10.0,2004-02-09 01:24:41
-30.285,-178.014,6.3,25.0,1999-07-28 10:08:21
29.424,131.421,6.4,33.0,2000-06-06 14:57:02
51.582,-130.473,5.6,10.0,2006-06-20 10:02:08
51.098,179.392,5.5,18.0,2013-04-22 04:36:37
-6.289,147.529,5.9,52.0,1977-02-25 01:18:53
-39.233,-92.026,5.5,10.0,2003-11-30 21:58:47
-12.301,166.567,6.3,50.0,1968-06-17 18:09:37
44.167,149.87,5.6,35.0,1965-06-12 05:28:40
27.141,127.406,5.7,87.2,1989-03-17 02:21:55
39.383,81.307,5.9,38.0,2012-03-08 22:50:08
-4.819,152.436,5.5,50.0,1965-05-19 13:59:55
-32.76,-176.71,5.6,33.0,1992-05-15 05:35:59
52.604,-167.118,6.4,14.0,2009-10-13 20:21:53
27.457,56.202,5.5,29.0,1977-01-05 05:44:40
-13.575,166.747,5.5,73.0,1977-09-18 09:46:10
-11.093,165.298,5.5,28.8,1992-07-18 13:40:10
-26.923,-177.171,5.9,33.0,1996-08-02 16:23:37
47.264,151.127,6.3,141.2,1986-07-19 05:59:36
-60.354,-26.485,6.1,20.0,1966-10-11 06:25:55
-56.1948,-27.7153,5.7,101.0,2015-09-30 16:06:52
1.5404,97.9026,5.7,36.0,2015-05-08 03:12:22
51.618,175.248,6.3,33.0,1998-08-20 15:00:08
13.994,-91.207,6.0,61.2,2006-12-03 20:52:16
7.173,-34.047,5.5,10.0,1992-04-02 21:03:04
15.128,-45.15,6.2,15.0,1972-12-09 06:44:40
-16.9065,167.373,5.7,13.54,2013-08-06 17:21:56
-6.153,154.459,5.9,50.0,1973-11-12 03:53:44
-17.174,-69.354,5.5,156.0,1975-07-12 06:47:38
-15.834,167.355,6.4,23.9,1987-02-11 07:56:13
50.023,155.506,5.9,119.4,1966-02-05 16:16:05
-12.384,166.453,5.7,88.0,1978-08-08 07:46:23
-61.979,161.434,5.8,10.0,1990-05-09 22:38:19
-3.82,151.305,5.5,33.0,1996-07-31 02:19:17
27.784,57.766,5.5,34.0,2011-06-15 01:05:31
18.394,120.811,5.6,13.1,1984-08-12 16:51:20
-20.009,169.268,5.5,33.0,1989-05-20 05:59:37
-6.64,155.091,5.8,35.0,2008-05-03 19:01:46
-27.8839,-177.1289,5.8,30.73,2014-03-19 16:00:23
-10.148,160.696,5.8,33.0,1977-04-21 05:06:28
-54.764,146.331,5.5,10.0,1979-08-01 11:07:56
-61.194,154.6,5.6,33.0,2000-07-15 10:22:41
43.403,17.49,5.5,32.0,1976-04-21 20:00:19
-7.339,126.043,6.3,450.0,1982-06-22 04:18:40
12.267,-87.204,5.6,59.1,1997-05-08 14:01:10
-15.57,167.561,6.2,159.6,1986-10-23 02:18:52
34.064,141.491,6.6,27.8,2005-01-19 06:11:36
7.33,123.492,6.9,33.0,1978-12-12 11:44:16
-17.757,-178.55,6.4,594.4,1966-07-21 18:30:16
13.197,93.087,5.9,20.0,2010-06-18 23:09:31
-5.777,154.555,6.4,144.6,1987-12-04 19:51:36
-11.295,165.86,5.5,33.0,1998-03-04 13:33:55
34.732,70.396,5.6,64.1,1972-12-28 16:57:47
43.094,-0.731,5.7,10.0,1967-08-13 22:07:48
-11.846,166.392,5.6,72.0,1976-03-08 20:06:33
-20.794,-173.758,6.3,30.4,1983-10-17 13:25:21
-15.392,-172.9409,6.4,14.54,2015-03-30 08:18:01
-17.423,167.798,5.5,35.0,2010-08-12 08:56:01
28.71,-113.122,5.7,10.0,1993-03-05 08:20:55
36.155,-33.878,5.9,2.0,2009-11-04 18:41:43
52.631,160.214,6.4,33.0,2001-10-08 18:20:38
37.269,134.664,5.6,371.4,1999-12-31 13:09:12
36.372,70.738,7.4,214.5,1983-12-30 23:52:40
-5.325,151.331,6.3,79.1,1986-08-20 07:05:02
31.84,131.804,5.5,33.0,1996-10-19 08:31:50
-0.468,132.974,5.5,46.4,2009-10-04 03:36:01
33.51,140.984,5.6,50.0,1968-10-28 14:40:41
-4.099,129.115,5.9,44.4,1998-01-13 09:50:11
8.185,-38.794,7.1,10.0,1984-11-01 04:48:50
3.029,126.94,5.9,20.0,2011-04-05 11:14:15
51.631,-178.11,5.8,68.0,1974-11-11 05:17:51
9.919,-84.808,7.3,22.2,1990-03-25 13:22:56
-17.987,-65.141,5.6,33.0,1998-05-22 06:17:05
47.111,154.417,5.7,10.0,2006-11-15 12:16:06
-14.494,166.472,5.5,33.0,1973-12-28 15:08:13
-5.435,101.823,6.0,33.0,2000-09-12 16:27:25
-10.743,119.268,6.1,33.0,1977-08-25 18:05:11
-14.596,167.928,5.6,10.0,2005-12-14 06:45:42
-24.2427,179.1278,6.0,535.0,2015-09-07 08:46:09
2.114,126.571,6.1,29.7,1987-03-18 00:22:49
-25.065,-112.171,5.6,10.0,1985-11-17 20:50:52
5.23,94.625,5.6,29.5,2004-12-29 21:12:59
-22.399,173.967,5.7,10.0,2006-01-20 17:51:52
-56.901,147.497,5.6,10.0,1998-02-23 00:27:21
-19.3021,-175.5247,6.0,203.0,2015-05-20 00:30:55
-19.2068,-172.3982,5.7,10.0,2013-11-02 19:05:57
2.954,96.394,6.3,27.0,2002-11-02 09:46:47
26.158,128.525,5.6,25.9,1969-09-11 03:17:02
-3.847,-80.741,5.5,30.0,1972-09-04 23:32:21
-31.187,-67.639,5.6,39.0,1977-12-10 07:11:56
-28.978,-176.711,5.7,10.0,2011-07-07 09:10:50
-45.837,-76.119,5.9,10.0,2002-03-03 07:16:16
-20.185,168.905,6.3,35.0,2008-04-09 11:23:40
-12.196,166.047,6.0,31.1,2009-10-23 15:14:13
43.519,-127.169,5.9,10.0,2002-07-09 18:40:36
31.355,-4.318,5.6,28.6,1992-10-23 09:11:09
4.416,126.815,5.5,51.5,2009-04-23 12:16:19
35.56,141.881,5.7,10.0,2011-04-14 06:08:47
13.704,120.655,5.7,155.6,2009-10-18 23:50:11
-22.901,-175.201,5.6,35.0,2008-11-25 15:04:44
-22.692,-175.124,5.5,42.4,1991-12-11 06:29:42
-15.2155,173.0845,6.0,10.0,2014-11-13 10:24:18
-15.676,-173.048,6.0,33.0,2002-10-16 14:13:13
-6.494,130.043,6.2,136.8,1991-10-15 16:18:02
52.296,-168.856,5.7,33.0,1985-10-01 15:54:51
-58.705,-25.157,5.5,33.0,1987-02-17 12:56:56
3.4466,-74.4951,5.6,33.0,2016-10-31 00:20:12
36.421,71.592,6.3,112.6,1993-09-18 05:02:27
23.101,121.479,5.5,69.7,1994-10-05 01:13:27
-40.347,176.102,6.3,24.3,1990-02-19 05:34:37
-2.927,139.129,5.9,45.0,1970-06-12 08:06:20
1.632,126.77,5.6,39.8,1993-09-18 00:27:48
51.745,176.296,5.8,30.0,1966-07-04 02:55:37
64.78,-17.594,5.6,10.0,1992-09-26 05:45:51
-2.952,129.219,5.7,11.2,2012-11-27 02:59:07
-19.9749,-70.9451,5.7,11.3,2014-06-19 09:38:36
39.6546,143.1982,5.8,20.0,2015-02-24 02:28:54
57.589,-142.846,6.9,13.6,1992-08-07 18:19:20
63.673,2.397,5.6,10.0,1988-08-08 19:59:32
-18.9285,169.0547,6.1,167.0,2016-07-20 15:13:17
21.721,103.282,6.3,18.4,1983-06-24 07:18:22
-6.169,112.154,5.8,633.0,1981-11-08 13:41:20
-29.43,-177.386,5.9,21.0,2012-01-28 17:42:52
-3.465,139.745,5.5,33.0,1982-04-05 00:40:24
-54.617,-132.522,5.5,33.0,1976-05-16 22:10:31
-30.1522,-177.5733,5.6,10.0,2014-06-23 22:15:49
-32.04,-178.405,6.1,44.1,1984-09-22 21:44:17
33.786,139.2,5.9,16.0,1974-06-27 01:49:08
-30.935,-178.897,5.6,33.0,1978-09-08 21:04:27
-29.335,-69.705,5.5,103.4,2011-07-23 02:56:51
-20.134,-65.185,6.0,345.3,2003-07-27 11:41:27
-57.932,-25.477,5.6,90.0,1978-11-03 03:21:26
-7.2493,128.93,5.8,126.0,2015-11-11 23:36:19
32.153,139.6,5.6,33.0,2001-07-04 09:48:32
-6.378,153.34,5.5,33.0,2000-11-22 06:27:14
-2.011,133.483,5.8,33.0,1999-02-17 02:27:12
-12.518,166.938,5.6,217.3,2002-04-23 15:05:32
38.413,72.791,6.0,110.0,2011-01-24 02:45:32
46.419,153.377,5.8,45.6,1999-09-19 00:27:23
51.55,149.639,5.5,678.9,1998-02-09 03:02:14
-2.11,68.094,6.0,10.0,1998-01-14 18:53:15
12.796,143.927,5.5,33.0,1991-09-09 14:30:20
-50.716,139.279,6.2,10.0,1987-09-23 15:14:56
4.026,126.783,6.0,35.0,2009-02-11 18:25:11
20.73,122.003,6.0,30.0,1970-09-30 09:52:24
0.971,-27.794,5.5,10.0,1993-05-02 15:11:55
51.727,-179.522,5.5,96.0,1971-10-13 14:01:48
-5.473,151.691,6.1,10.0,2003-07-04 00:33:50
12.699,48.179,5.7,10.0,1986-05-23 09:51:24
60.322,-146.001,5.5,18.2,1984-09-20 04:17:24
-11.037,165.204,6.7,18.8,1986-10-23 15:48:44
-2.768,138.75,5.5,50.4,2013-04-17 05:05:03
18.562,-107.074,5.7,33.0,2000-02-21 16:29:40
-8.473,158.891,5.6,116.2,1990-03-22 02:11:51
4.1326,62.6332,5.6,10.0,2014-02-24 23:32:48
-8.747,117.788,5.5,41.3,2003-01-03 01:34:13
46.347,141.144,6.6,18.4,1971-09-27 19:01:47
2.1,126.873,5.6,34.7,1986-08-24 23:46:51
-28.458,-176.852,5.7,37.2,2006-05-01 02:24:41
-31.178,-66.957,6.0,33.0,1977-11-23 09:34:58
-5.933,149.429,6.2,50.2,1985-11-22 08:45:25
-10.468,112.962,5.6,40.3,1994-06-03 18:16:19
26.548,57.926,5.5,8.9,2013-05-11 03:09:47
-36.256,-97.827,6.4,10.0,2004-04-08 04:57:50
19.246,145.616,6.0,131.6,1965-01-02 13:44:18
-1.032,136.535,5.6,33.0,1979-09-13 06:41:21
-52.503,160.584,5.7,10.0,1989-05-24 02:16:58
33.075,140.379,5.6,81.0,1980-10-20 03:29:21
-60.269,-31.203,5.7,10.0,1995-06-15 18:58:11
-5.973,146.565,6.1,58.7,1996-03-02 01:50:05
-22.588,-66.691,5.6,215.0,2013-06-08 12:25:09
36.403,141.892,5.7,35.0,2011-03-11 07:42:56
-29.354,-177.104,5.6,33.0,2002-03-09 14:09:09
-49.736,117.537,5.5,10.0,2001-03-03 17:56:44
6.34,93.361,6.1,30.0,2004-12-26 01:21:21
-52.478,27.988,5.8,10.0,1982-01-12 01:44:48
-13.559,167.079,6.7,176.0,1990-09-28 19:44:47
-4.524,132.699,5.7,30.0,1969-04-18 12:32:04
33.989,45.738,6.1,35.0,1967-01-11 11:20:48
-25.563,-70.497,5.7,51.8,1966-11-26 02:18:19
-30.867,-177.434,6.1,37.0,1975-07-16 19:38:23
-15.505,-173.753,5.8,105.0,2009-11-01 21:28:59
-26.825,-70.999,5.7,16.0,1973-08-01 15:44:26
-21.412,-178.8,5.9,541.3,1994-04-18 21:39:43
-21.302,-69.999,5.6,59.6,2014-05-30 15:32:27
-5.923,112.997,6.5,622.8,1970-02-13 15:43:28
43.301,147.692,6.1,30.4,1969-08-12 04:53:39
0.153,123.521,5.5,136.4,2003-01-09 03:40:28
35.8,27.86,6.4,52.0,2008-07-15 03:26:35
30.088,139.871,5.5,42.0,1975-09-02 10:57:50
40.344,143.236,5.6,30.9,2011-07-28 09:01:39
34.0,25.393,5.5,14.0,2010-02-11 21:56:32
-4.551,153.457,6.1,108.5,2012-04-06 16:15:58
-15.42,-173.266,6.0,20.5,1995-05-07 22:38:28
-20.9981,-175.4788,6.0,10.0,2016-02-15 15:02:33
-55.833,-27.451,6.0,80.0,1974-06-24 20:34:35
34.32,-118.7,5.8,0.0,1994-01-17 23:33:30
-6.649,130.241,5.5,116.0,1981-01-27 12:18:33
-7.484,156.179,6.5,50.0,1974-03-09 20:14:28
-32.339,-178.051,5.5,10.0,2013-02-24 20:54:04
-21.592,-174.179,5.8,32.0,1983-02-17 16:10:39
-18.308,168.015,5.8,29.2,1991-03-28 07:22:37
29.573,95.605,5.5,33.0,2003-08-18 09:03:04
12.234,141.514,6.3,10.0,2010-08-18 16:28:15
-17.968,-178.549,5.9,582.3,2012-02-10 01:47:34
3.982,97.324,5.8,30.4,1990-11-15 04:48:12
-7.154,145.976,5.9,175.4,2005-10-25 19:40:43
51.8486,178.7352,7.9,109.0,2014-06-23 20:53:10
-11.009,162.208,5.5,33.0,1989-11-01 11:29:59
-6.88,129.463,6.5,117.0,1974-10-29 03:14:15
-23.913,-70.207,7.1,42.0,1998-01-30 12:16:09
-4.178,-104.495,5.9,10.0,2012-12-17 17:41:32
-24.411,179.892,5.6,513.2,2005-09-01 11:22:10
-42.6058,173.2543,6.5,9.0,2016-11-14 00:34:23
49.304,155.57,5.5,48.6,1998-02-18 09:13:46
-15.431,-175.135,5.6,10.0,2006-06-15 18:10:22
6.031,126.068,5.7,35.0,1971-06-05 09:20:52
41.1585,142.1309,6.1,41.0,2014-08-10 03:43:17
43.409,147.844,5.5,33.4,1995-05-16 22:31:11
37.547,143.073,5.8,35.0,2011-03-11 11:21:30
17.638,97.902,5.9,6.0,1975-02-17 03:38:20
-11.2,165.416,5.9,30.0,1967-01-01 21:59:00
-17.993,-178.521,5.9,590.2,1988-03-04 03:08:15
-29.103,-67.52,5.8,127.8,2001-04-21 18:15:47
-3.309,130.79,5.5,39.1,1994-09-02 15:56:16
-8.166,120.255,5.9,14.0,2008-06-03 17:31:32
-1.322,-15.651,6.2,10.0,1998-04-10 16:40:39
-29.281,-71.684,5.9,26.4,1997-07-19 12:22:57
37.403,141.065,5.5,84.1,1997-02-19 20:21:48
-23.771,-177.301,5.6,50.2,1987-03-13 07:40:20
-17.126,-178.699,5.6,33.0,1998-02-12 17:31:07
-59.7,-25.719,6.5,33.0,1993-03-10 12:39:24
-3.043,147.821,6.5,33.0,1975-06-16 22:35:23
-2.297,138.122,5.7,33.0,1987-10-25 19:14:52
-22.352,170.635,6.7,27.0,2009-01-15 07:27:20
26.688,142.503,5.7,7.0,2010-06-11 16:37:48
-5.643,153.541,6.0,17.3,1995-08-26 06:57:17
53.693,161.909,5.6,33.0,1997-12-07 23:05:51
37.535,20.155,5.7,31.9,2005-01-31 01:05:34
30.786,132.423,5.7,20.0,1969-07-28 13:03:19
-31.958,-178.149,5.6,25.0,1970-11-10 13:47:33
22.115,121.577,5.6,33.0,2002-08-28 17:05:34
48.321,148.862,5.6,389.4,1972-10-14 00:00:25
45.439,151.427,6.3,19.7,1991-12-13 19:58:19
-6.575,154.107,6.1,48.0,1989-11-19 12:42:55
-18.213,-178.069,5.7,570.4,1995-02-25 21:54:30
-5.651,151.074,6.4,43.6,2002-01-13 14:10:57
44.452,149.577,5.7,26.4,1984-09-01 17:05:54
-5.593,149.524,5.6,143.4,1982-09-04 22:26:16
22.904,-108.191,5.6,10.0,2003-07-02 05:11:35
-5.378,151.572,5.8,40.0,1971-07-26 12:05:01
-55.636,-28.195,5.6,33.0,1973-11-30 07:45:19
6.146,-82.634,5.5,10.0,1990-08-30 18:33:01
35.209,140.994,5.7,19.4,2011-03-15 20:30:00
-5.942,151.139,5.5,36.8,1988-06-11 02:50:02
42.21,144.689,5.8,33.0,2003-10-08 23:15:17
-5.286,150.609,5.5,136.2,1990-01-18 19:59:22
-24.894,-175.119,7.8,9.0,1975-10-11 14:35:15
-25.398,178.101,5.9,613.5,1990-05-17 15:59:57
-21.39,-174.459,6.1,81.3,1987-03-26 18:32:26
54.285,-162.597,5.5,33.0,1987-06-21 05:55:27
51.541,175.767,6.2,30.2,1968-12-15 02:14:19
-0.406,132.951,6.3,33.0,2003-03-14 07:06:13
44.635,149.084,5.6,45.0,1972-02-19 13:54:46
-4.567,-105.583,5.9,10.0,1990-02-17 01:22:07
-10.149,113.686,5.5,28.8,1994-06-15 09:50:23
51.105,178.124,5.5,33.0,2003-11-18 02:12:23
-64.872,-170.537,5.5,10.0,1979-10-22 17:04:39
2.708,94.596,6.0,25.0,2008-03-15 14:43:27
51.189,-176.813,5.6,33.0,1986-05-08 01:15:15
-4.359,151.859,5.5,185.6,2006-07-05 10:19:23
49.286,155.441,6.4,37.7,1971-08-19 22:15:40
31.327,131.413,6.0,35.0,1971-05-29 08:52:44
10.366,-103.865,6.5,10.0,1978-12-25 23:57:55
10.164,-104.025,5.7,33.0,1995-05-29 09:06:23
-5.689,128.511,5.5,356.1,2012-04-30 18:11:44
55.453,-157.162,6.7,33.0,1979-02-13 05:34:26
21.999,120.482,5.6,10.0,2006-12-27 02:30:37
-37.806,179.418,5.8,12.0,2011-11-18 07:51:25
-23.716,-111.993,5.5,10.0,1986-10-05 13:15:46
-9.72,159.888,5.9,25.0,1965-07-17 07:20:34
-34.079,-72.331,5.7,33.0,1985-03-04 17:09:58
53.972,161.909,6.1,33.0,1997-12-06 10:59:10
41.182,142.167,5.7,61.1,1995-02-06 13:51:35
25.5403,122.4503,6.1,256.0,2014-12-10 21:03:39
-45.672,35.059,6.1,10.0,1969-07-24 12:41:39
-5.304,108.903,5.9,576.7,1995-05-13 21:00:56
4.2077,90.0652,5.7,10.01,2013-11-16 10:26:43
5.794,125.865,5.6,105.0,1972-07-03 05:31:30
16.9,120.186,6.1,21.7,1985-08-09 19:59:44
18.439,146.694,5.6,58.0,1974-02-17 04:33:12
39.5696,143.5829,5.5,10.0,2015-02-17 16:33:21
-14.322,166.344,5.8,33.0,1985-12-24 04:37:30
-2.433,138.795,5.7,31.1,2010-07-13 23:56:30
-1.757,134.297,7.6,10.0,2002-10-10 10:50:21
41.529,79.318,6.2,28.9,1987-01-24 08:09:21
-23.976,-175.956,5.6,29.0,1983-04-24 03:29:18
-7.268,128.786,6.0,134.9,2010-12-15 11:29:31
-6.7203,154.9626,5.7,20.07,2014-04-11 14:33:43
-37.811,178.816,5.6,33.0,1995-02-06 15:19:28
-6.112,154.463,6.2,32.0,2010-02-01 22:28:17
57.792,-142.855,6.3,9.0,2012-11-12 20:42:15
-55.989,-27.809,5.5,33.0,1999-09-14 04:01:26
51.366,-178.979,6.3,25.0,2007-12-21 07:24:34
39.465,142.405,5.8,35.0,2011-03-12 14:43:11
8.171,125.946,6.0,20.5,1983-08-27 18:49:48
51.813,176.53,5.7,44.6,1965-06-30 08:33:33
-7.281,-106.443,5.5,10.0,1990-03-13 00:42:27
42.891,146.969,6.0,21.0,1990-03-31 19:31:43
30.147,88.189,5.7,33.0,1996-07-03 06:44:46
52.102,-131.554,5.8,10.0,2007-12-12 23:40:00
-14.384,167.179,5.8,148.4,1992-03-03 01:18:31
-4.695,153.134,5.5,76.8,2000-06-10 14:11:59
12.278,-87.091,5.7,76.3,1992-04-27 08:29:54
4.557,-76.644,5.5,53.91,2014-01-05 03:36:41
-23.834,-179.79,5.5,534.7,1991-08-22 13:18:13
36.527,70.906,5.7,198.0,2012-07-12 14:00:34
43.948,148.724,6.8,19.3,1969-08-12 11:21:23
31.14,130.014,6.2,163.0,2009-09-03 13:26:18
-2.751,139.157,5.8,33.5,1981-08-17 02:17:42
51.414,-174.111,6.1,20.8,1983-06-09 18:46:01
17.444,145.458,6.5,149.0,1996-06-09 01:12:17
-4.196,123.247,5.6,33.0,2000-12-24 03:11:07
-59.982,-18.55,5.8,10.0,1994-05-06 18:20:38
17.333,120.908,5.5,33.0,2001-01-12 19:18:26
-19.7163,-70.9515,5.6,17.0,2014-03-22 13:29:58
-17.221,167.817,5.7,20.0,1992-09-10 20:10:57
-72.448,174.838,5.5,10.0,1993-05-31 08:34:22
30.766,141.508,5.6,38.1,1986-04-29 08:17:59
-6.0114,151.4768,6.1,6.0,2015-09-16 14:03:22
57.513,-152.263,5.7,25.0,1965-09-08 03:26:22
-22.795,170.01,6.3,18.6,1995-05-22 03:45:03
-22.037,-178.925,7.1,547.0,1986-06-16 10:48:26
0.636,-29.514,6.3,33.0,1973-10-11 02:07:53
4.129,125.344,5.6,68.0,1975-11-12 17:57:27
51.045,178.888,5.8,33.0,2003-11-18 07:50:11
-58.182,-11.385,5.9,10.0,2004-05-05 04:57:53
-46.686,165.778,5.9,20.0,2012-01-19 06:48:49
8.355,-70.985,5.6,23.0,1979-05-05 20:04:58
-10.925,164.66,5.7,25.0,1977-01-25 10:31:05
-24.183,-176.329,5.7,46.7,1983-06-10 22:39:09
-55.3295,-30.9179,5.5,8.0,2016-09-02 01:57:51
36.156,141.756,6.1,23.3,2008-05-07 16:16:36
35.704,69.868,5.5,90.8,2002-12-25 19:13:43
-12.912,166.314,6.0,35.0,2009-10-08 21:16:14
-31.3775,-65.8254,5.6,157.56,2016-09-09 00:03:45
37.747,21.087,5.7,10.0,2002-12-02 04:58:55
-10.679,166.507,5.5,62.9,1984-09-25 04:29:09
-53.955,-134.758,5.6,10.0,2012-11-16 06:24:42
18.716,-106.992,6.0,33.5,2006-04-04 02:30:28
-22.264,-179.582,5.6,606.4,2007-07-01 10:21:59
47.075,155.166,5.5,10.0,2006-11-15 19:28:06
-17.42,-174.271,5.7,120.5,1994-02-25 00:40:29
11.055,91.814,6.2,20.0,2008-08-10 08:20:33
24.688,91.57,5.9,33.0,1988-02-06 14:50:45
43.999,147.853,6.1,35.0,1969-08-13 08:31:34
-15.153,-173.429,5.9,12.7,2004-09-08 11:00:18
36.359,70.957,6.0,238.7,1994-10-25 00:54:34
52.159,-171.826,5.7,38.0,2011-10-25 03:24:50
55.138,165.401,6.4,33.0,1982-05-31 10:21:15
-7.02,103.683,5.8,10.0,2003-04-29 10:44:37
1.742,126.337,5.6,35.0,1966-03-08 06:00:07
-67.034,111.199,5.7,10.0,2007-11-04 20:35:37
-21.132,-174.659,6.1,33.0,1999-01-24 07:01:58
-2.546,138.225,6.0,33.0,1975-03-17 22:11:02
-2.0829,140.5718,6.0,9.0,2016-09-17 01:20:18
-41.055,42.525,5.5,10.0,2008-03-29 15:12:03
-10.861,166.015,6.8,36.0,1982-02-20 13:26:50
-23.466,-177.297,6.7,79.0,1980-04-13 18:04:32
-0.6942,-21.1776,5.5,8.55,2015-07-23 03:56:53
-5.485,147.094,5.5,177.7,1994-05-07 23:16:46
-6.134,148.846,5.8,35.0,1972-12-19 00:12:10
39.359,73.663,5.9,35.0,2008-10-05 15:55:24
-1.164,127.391,5.5,19.6,1995-02-13 13:52:04
39.083,28.493,5.9,15.0,1969-03-23 21:08:44
7.192,92.765,5.5,10.0,2005-01-01 22:28:14
-6.443,147.799,5.6,48.8,1999-09-18 06:50:58
-28.25,-176.697,5.9,10.0,2009-01-24 01:28:39
-15.087,166.814,5.6,29.0,1975-05-25 15:39:45
-23.759,-176.002,6.2,10.0,2004-03-18 20:04:25
16.062,-59.854,6.1,20.0,1969-12-25 22:31:06
-19.613,-69.792,5.9,52.1,1994-05-10 01:49:03
8.961,126.299,5.9,49.0,1980-04-13 05:41:44
-24.228,-175.95,5.6,10.0,2012-04-24 15:15:38
52.438,179.732,5.8,225.8,2010-09-26 18:27:58
13.248,95.42,5.8,25.0,1966-01-05 17:21:29
0.851,124.362,6.1,219.7,1986-12-07 14:40:29
-20.572,-174.283,5.5,36.7,1986-07-21 12:11:16
41.025,82.195,5.5,33.0,1973-05-17 09:38:10
9.048,123.789,6.0,560.0,1973-09-20 20:43:40
-19.401,-179.354,6.5,676.4,2007-05-06 21:11:53
1.235,122.105,6.0,37.1,1991-11-01 02:51:13
42.1989,133.6656,5.7,445.0,2013-09-02 02:51:13
52.394,160.294,5.9,11.4,2013-05-21 03:05:51
39.906,24.578,5.5,10.0,1982-01-18 19:31:07
-17.847,-70.109,5.9,79.9,2005-07-13 12:06:13
-36.695,177.113,5.7,28.0,1974-02-28 14:05:20
32.288,85.166,6.4,10.0,2008-01-09 08:26:45
-7.382,125.715,5.9,432.3,1997-04-21 14:01:24
37.1557,144.6611,7.1,35.0,2013-10-25 17:10:20
34.511,97.351,5.7,33.0,1995-12-18 04:57:05
33.165,95.6,5.5,33.0,2001-07-25 16:02:52
5.267,125.487,5.7,72.0,1979-04-01 07:25:00
8.547,126.794,5.9,39.9,1989-12-17 14:34:26
-35.9934,-102.634,5.5,10.0,2016-10-24 01:55:07
45.533,151.021,7.6,24.7,1991-12-22 08:43:13
22.918,121.448,5.7,26.0,1981-02-20 20:09:10
-22.283,170.166,5.6,33.0,1980-10-26 19:18:35
-23.66,-175.915,5.5,35.0,2010-02-22 08:42:39
18.849,145.089,6.2,585.8,1995-08-24 07:55:26
-38.871,-91.613,5.8,7.0,2008-06-05 05:22:26
28.206,139.227,6.0,498.0,1973-01-31 20:55:53
-40.045,-71.747,5.5,33.0,1999-03-27 11:13:34
3.509,128.311,6.0,35.0,1969-02-20 16:58:15
-3.112,150.6,5.7,15.0,1968-07-21 06:09:42
-0.683,133.518,5.9,49.1,1988-03-12 12:11:12
-3.321,146.35,5.8,10.0,2007-01-22 19:25:49
-23.23,-70.676,5.8,33.0,1995-07-30 05:25:06
-55.305,-129.213,5.6,10.0,1984-06-30 11:37:24
0.5874,-79.6358,5.9,17.0,2016-07-11 02:01:10
-29.144,-112.267,6.2,10.0,2009-09-17 23:21:39
9.457,125.935,5.5,49.7,2011-03-03 15:12:01
-17.941,-179.531,6.0,602.9,2011-10-27 00:15:25
-37.564,179.442,5.6,50.2,1985-06-28 18:54:16
30.739,84.443,5.5,10.0,1971-05-03 00:33:23
-42.9298,173.0041,5.5,10.0,2016-11-22 05:13:35
-3.665,140.044,5.5,77.0,1980-11-22 18:02:33
-32.925,-71.793,6.6,33.0,1985-03-04 03:32:49
-37.516,-73.55,5.6,24.7,2010-02-27 18:15:23
-0.447,132.908,6.1,20.0,2009-08-02 08:54:33
-0.987,138.556,5.5,33.0,1980-12-20 14:50:32
3.454,126.708,5.6,44.0,1980-11-15 22:05:24
-27.585,65.728,5.6,10.0,2000-02-10 14:18:41
-38.355,-73.326,7.2,24.0,2011-01-02 20:20:18
19.162,121.179,5.7,23.2,2006-05-28 09:00:12
51.948,173.969,5.6,20.0,1965-02-04 08:33:41
50.929,158.862,5.5,42.0,1978-12-01 11:43:28
1.507,-84.669,5.5,10.0,2007-04-05 21:27:00
-7.533,130.165,5.5,31.2,1992-04-20 13:42:56
-10.951,166.051,5.7,44.8,1992-04-04 21:51:19
-18.039,-178.413,7.6,562.5,1994-03-09 23:28:07
42.061,-112.548,6.1,5.0,1975-03-28 02:31:06
53.357,171.423,5.9,33.0,1999-11-13 19:31:12
-54.816,0.979,5.5,10.0,2008-06-01 00:31:15
-10.145,161.453,5.5,33.0,1979-10-23 15:07:33
14.207,-92.056,5.5,58.8,2000-06-08 08:08:12
-6.23,104.104,5.5,69.3,1996-12-13 09:56:02
18.7529,-107.0488,6.2,17.0,2014-09-06 19:22:59
39.837,142.76,7.4,28.6,1989-11-01 18:25:35
51.486,-130.907,5.6,10.0,1992-04-23 05:40:11
-11.509,166.452,6.2,142.1,1994-08-22 17:26:38
2.483,116.977,5.5,33.0,1995-07-12 09:38:17
-10.8416,161.3137,6.5,12.26,2016-12-08 21:56:08
14.906,119.889,5.5,33.0,1997-05-05 05:44:17
25.975,101.29,6.0,10.0,2003-07-21 15:16:32
-3.759,151.233,5.5,10.0,1988-03-05 12:40:01
2.704,94.509,5.7,14.1,2012-04-29 08:09:04
35.047,24.318,6.2,65.0,1965-04-09 23:57:06
41.464,142.022,5.8,33.0,1998-01-30 15:50:14
-7.074,-11.713,5.6,10.0,2007-09-26 18:39:35
-1.019,126.814,5.6,15.0,1970-11-16 21:32:58
-33.422,-71.828,6.2,31.1,2010-02-27 19:00:07
-7.56,155.955,5.6,10.0,2001-04-20 19:20:51
43.045,143.912,5.5,115.3,1971-10-09 11:05:08
27.8519,141.9442,5.7,35.0,2016-10-04 14:00:47
-20.094,168.906,6.0,12.9,1994-02-16 06:46:57
19.083,121.187,5.5,33.0,2000-12-10 13:30:35
52.839,152.88,5.6,528.6,1995-08-04 13:31:49
-26.802,-63.349,7.3,558.0,1991-06-23 21:22:29
-6.42,154.899,5.6,47.0,1975-09-19 23:15:34
-15.636,166.995,5.8,33.0,2000-10-04 20:48:28
-6.9599,154.9011,6.0,10.0,2014-05-07 04:20:34
-33.409,-109.45,5.5,10.0,2002-09-29 09:44:28
41.292,-125.953,7.2,16.0,2005-06-15 02:50:54
-38.52,177.553,6.4,14.4,1993-08-10 09:46:35
20.101,121.312,5.6,33.0,1986-08-11 10:37:59
-8.791,67.6967,5.5,10.0,2015-11-30 20:19:05
-11.043,164.531,5.5,10.0,2008-07-19 09:34:27
-56.413,-26.863,6.0,102.2,2005-05-18 09:10:54
-5.165,152.877,6.6,27.0,1999-05-17 10:07:56
-18.275,-178.133,5.6,571.0,1973-11-13 16:10:59
35.598,82.073,5.5,33.0,1980-10-07 09:32:09
-61.294,154.249,5.7,10.0,2008-02-15 22:00:56
45.0351667,-122.6065,5.6,19.608,1993-03-25 13:34:35
30.413,66.35,6.4,33.0,1975-10-03 17:31:36
21.611,143.631,5.5,33.0,2000-02-22 02:37:55
-6.446,147.603,6.0,26.0,1987-03-16 15:49:37
-4.224,152.729,5.8,33.0,2000-11-18 03:30:36
36.9704,143.3822,5.5,22.0,2014-01-04 05:23:00
-1.155,136.416,5.7,33.0,1979-10-16 10:04:28
37.445,21.235,5.5,31.0,1985-09-07 10:20:50
36.421,71.224,6.6,215.6,1966-06-06 07:46:17
-10.086,161.012,6.2,61.0,1976-06-05 08:20:07
33.897,59.472,6.7,33.0,1979-01-16 09:50:10
-2.975,126.528,5.7,33.0,1999-03-01 08:51:01
-13.983,170.307,5.5,600.0,1996-12-02 21:25:28
36.165,141.505,5.5,36.8,1994-04-06 05:19:54
20.205,109.153,5.5,33.0,1995-01-10 10:09:51
-56.79,-25.965,6.3,40.0,1966-02-09 04:40:32
36.387,70.773,6.3,207.0,1997-12-17 05:51:29
1.739,127.146,5.6,30.0,1971-07-30 03:58:02
-22.81,-66.16,6.0,272.1,1984-01-01 22:08:14
-55.3968,-28.2771,5.5,7.0,2014-05-22 08:37:57
-5.544,152.552,5.8,50.0,1971-07-28 10:17:32
14.052,92.821,5.9,35.0,2009-08-13 09:21:36
24.137,121.614,6.2,40.9,1995-02-23 05:19:02
31.024,81.154,5.6,10.1,2004-10-26 02:11:33
-21.551,-113.656,5.7,10.0,1994-02-22 17:53:33
-21.841,-179.454,5.5,593.4,1987-09-24 06:03:20
-50.105,-114.598,5.7,10.0,2006-10-06 16:25:28
-9.973,160.492,5.7,11.0,2011-04-28 07:42:35
-22.9553,-114.3303,5.6,12.0,2014-02-14 07:44:15
30.705,141.801,5.9,20.0,1972-07-31 15:56:08
-2.823,118.806,7.0,33.0,1984-01-08 15:24:14
-7.154,155.184,6.4,415.0,2011-02-07 19:53:43
41.497,141.986,5.8,45.0,2010-09-13 05:47:47
11.132,93.471,6.5,112.0,2010-05-31 19:51:46
1.437,125.713,5.8,75.7,1984-10-19 17:45:03
-10.703,166.029,5.9,33.1,1992-04-29 09:25:43
45.344,150.38,5.7,35.4,1983-06-06 21:40:18
38.531,73.405,5.5,117.5,2002-04-14 02:04:21
-16.063,-71.312,5.7,110.0,1973-07-28 22:18:15
-20.384,168.841,5.7,30.0,1972-09-13 14:55:45
-4.775,148.922,5.5,607.5,2008-06-20 03:16:02
-19.385,169.593,6.2,20.6,1992-10-19 12:03:30
-26.312,-177.506,5.5,182.5,1972-08-02 19:48:53
5.957,125.778,5.7,129.9,2008-10-23 09:21:15
-22.609,170.731,6.2,33.7,1983-07-07 16:05:40
42.383,145.095,5.5,34.8,1971-04-06 00:17:13
-21.217,-179.293,5.8,643.4,1994-09-30 19:30:18
-56.167,-27.564,6.0,110.0,1970-12-17 08:42:22
-1.062,126.991,5.7,33.0,2003-12-12 03:10:48
13.787,146.303,5.9,9.0,2009-02-24 05:58:00
-20.529,169.225,5.5,33.0,1979-12-20 13:11:42
10.782,-42.261,5.5,10.0,1984-03-20 17:19:06
4.669,-77.423,5.8,34.7,1988-09-20 17:56:18
-77.08,-148.864,5.5,12.0,2012-06-01 05:07:02
-22.924,-179.342,6.0,470.7,1991-04-18 09:41:20
78.445,125.821,5.5,10.0,1997-04-19 15:26:33
27.247,65.508,5.9,18.8,1990-07-26 06:53:56
-9.5949,161.2282,5.6,41.0,2014-01-29 00:32:28
-16.361,-173.747,5.6,82.4,2006-02-03 16:00:12
-18.831,-173.355,5.5,33.0,2001-06-13 03:49:29
30.775,60.495,6.3,9.6,1994-02-24 00:11:12
-9.818,123.739,5.8,26.2,1985-11-09 12:56:12
51.906,158.411,6.1,53.0,1992-12-19 12:14:22
-9.567,152.243,6.1,20.5,1982-09-21 01:28:18
-38.191,-73.694,5.9,35.0,2010-02-27 10:38:35
41.158,139.806,5.5,21.9,1985-12-02 07:14:37
-3.652,140.311,5.8,43.8,1985-12-20 03:49:09
-52.989,9.517,5.7,10.0,1986-01-10 22:16:23
-0.378,-19.076,5.8,10.0,1987-06-07 14:48:50
18.816,-104.446,6.3,33.0,2001-05-20 04:21:44
-2.152,139.02,6.3,22.0,1991-01-25 17:38:37
-20.3113,-70.5756,6.5,24.07,2014-04-03 01:58:31
-56.3945,147.336,5.9,4.0,2014-12-24 01:58:02
-0.135,124.094,5.7,56.0,1977-12-13 14:27:17
4.6565,123.3471,5.9,532.0,2013-11-03 11:03:38
27.081,143.308,5.5,7.6,2010-12-21 17:41:26
-3.852,101.067,5.9,20.0,2008-02-26 18:18:28
39.1,24.684,6.6,15.0,1967-03-04 17:58:06
-21.89,169.853,7.2,33.0,1980-10-25 11:00:05
43.373,147.809,5.7,28.8,1969-12-28 04:53:11
12.168,124.079,6.3,10.0,2003-02-15 11:02:00
-21.541,169.462,6.0,33.0,1981-02-19 08:23:02
-5.705,-77.258,5.7,15.0,1968-06-21 00:26:08
45.365,-112.615,5.6,12.9,2005-07-26 04:08:37
35.142,-3.997,6.4,0.0,2004-02-24 02:27:46
-28.591,-112.33,5.6,10.0,2006-12-31 22:48:55
-5.198,153.633,5.5,83.5,2003-01-19 18:34:42
-11.483,165.51,5.6,10.0,2013-02-06 01:57:26
37.567,-118.436,5.84,4.01,1986-07-20 14:29:46
-22.66,171.018,5.6,33.0,1983-07-05 12:55:06
-24.636,179.223,5.6,532.0,1982-05-12 10:03:31
29.025,131.207,5.7,33.0,2000-08-07 05:23:40
-17.979,-178.518,5.5,580.8,1988-04-19 18:53:42
15.344,120.61,7.0,188.4,1985-04-23 16:15:12
5.561,126.073,6.1,24.0,2007-02-12 12:45:32
-23.222,-69.988,6.5,39.2,1970-12-04 17:08:50
36.268,137.644,5.5,10.0,1998-08-15 18:31:09
-26.651,-114.336,5.5,10.0,1998-07-19 15:00:44
-17.34,175.059,5.7,21.4,2013-04-11 15:28:29
1.875,126.417,5.5,33.0,1974-05-11 20:53:16
-22.523,171.199,6.4,57.3,2008-11-22 16:01:39
-5.43,151.7,5.5,60.8,1993-08-05 11:53:19
-5.234,151.341,5.7,95.0,1980-06-04 09:31:51
-10.826,113.199,5.5,30.3,1994-06-04 20:09:35
-12.881,166.464,6.1,33.0,1997-04-21 12:06:34
-2.001,135.932,6.3,16.0,1994-11-20 16:59:06
35.941,73.387,6.0,30.0,1972-09-04 13:42:19
-17.26,167.601,7.0,30.0,1981-07-15 07:59:08
-6.951,147.269,5.7,77.3,2008-10-18 00:54:40
-60.915,-34.069,5.5,10.0,2007-01-15 07:58:12
30.89,103.194,5.8,9.0,2008-05-13 07:07:08
41.987,-126.816,5.5,15.0,1979-04-07 06:18:33
-3.296,130.685,6.1,28.6,1972-09-11 13:35:49
-15.103,167.441,6.1,127.7,2006-04-30 08:17:35
2.982,128.036,5.9,106.4,1986-10-04 02:00:08
-9.182,148.623,5.7,20.0,1967-03-26 22:39:03
-31.125,-178.402,5.5,33.0,1983-11-22 16:01:13
39.626,143.357,5.7,27.5,1965-09-25 14:53:34
30.053,99.499,5.8,7.5,1989-05-03 15:41:31
35.707,140.898,5.5,57.6,1981-09-02 09:24:46
-15.397,-172.85,6.5,53.5,1990-01-04 05:32:21
-56.771,-142.309,5.7,10.0,2008-05-14 21:47:40
-5.3494,152.0278,5.8,35.0,2015-05-05 01:54:00
31.95,78.521,6.0,33.0,1975-01-19 08:12:08
-29.4642,-72.3015,6.2,13.0,2015-11-07 07:04:31
16.743,122.458,5.5,33.0,1977-03-19 13:00:24
25.669,-109.97,5.6,10.0,2005-02-22 19:15:50
7.593,124.022,5.6,33.0,2002-06-14 02:11:37
52.293,160.356,5.8,26.9,1965-12-22 00:28:51
7.384,-77.991,5.6,33.0,1976-07-14 01:32:35
44.737,150.244,5.8,30.0,1968-05-21 11:00:46
-17.747,-178.39,6.7,597.5,2006-02-02 12:48:43
-46.0293,-13.8844,5.8,6.42,2014-06-13 19:30:30
2.515,126.457,6.3,61.1,2011-06-13 14:31:23
41.891,130.871,6.5,575.0,1973-09-29 00:44:01
57.282,-33.2667,5.6,10.0,2014-10-12 05:40:44
-58.635,-25.026,5.5,33.0,1996-08-16 08:41:58
1.769,125.825,5.7,91.6,2005-06-26 08:23:04
1.228,122.653,5.8,35.6,2008-02-07 07:50:55
5.268,-82.627,5.7,10.0,2005-02-10 02:32:15
-24.672,-176.173,5.7,15.0,2004-04-10 16:06:48
-6.343,154.923,5.5,48.0,1981-12-13 13:24:17
1.527,127.323,5.7,119.9,1983-06-12 10:12:43
37.001,140.401,6.6,11.0,2011-04-11 08:16:13
45.522,152.036,5.7,33.0,2001-06-20 00:04:31
-18.125,65.293,5.9,33.0,1973-05-28 20:27:11
11.904,41.824,6.1,11.7,1989-08-20 19:25:57
-1.0355,31.6181,5.9,40.0,2016-09-10 12:27:33
28.2,139.391,5.6,504.2,2012-02-28 15:07:35
-16.489,167.183,6.3,10.0,2008-03-12 11:36:55
-56.3004,147.2567,5.5,10.0,2014-12-24 01:19:39
-10.927,165.891,5.8,10.0,2013-02-08 15:00:12
-19.25,-177.498,5.5,578.0,1978-05-01 06:06:57
-23.913,-175.821,5.5,33.0,1982-11-22 05:32:45
-17.964,-175.259,5.7,33.0,2000-10-31 18:09:36
-21.034,-174.175,5.5,30.9,1994-04-12 14:42:49
15.144,-91.381,6.1,197.4,2005-03-17 13:37:37
-42.667,-15.948,5.5,11.7,1990-12-18 02:49:23
43.331,147.009,5.6,33.0,1996-03-28 09:52:49
18.823,-107.2,6.1,10.0,1986-12-07 16:56:36
-48.984,124.611,5.8,33.0,1977-04-01 08:34:37
-17.654,167.75,5.7,39.0,1979-08-17 15:18:26
9.463,126.284,6.6,33.0,1996-09-20 04:10:28
-32.628,-71.86,5.5,33.0,1985-06-11 11:12:29
-56.7696,-142.0798,5.8,10.0,2016-07-06 01:01:58
51.275,177.611,5.5,33.0,2003-11-17 07:12:43
-6.134,154.508,5.8,413.4,1981-04-05 03:17:54
18.729,-106.929,6.1,25.0,1969-09-23 22:37:27
11.866,142.632,5.7,25.0,1971-10-26 19:05:07
-6.9,155.01,5.5,48.2,2005-11-08 10:01:46
40.335,143.288,6.1,18.0,2011-03-15 15:23:54
-21.76,-174.011,5.7,33.0,1978-03-29 22:00:27
-28.207,-176.63,5.6,32.5,1986-11-12 20:54:28
-6.604,128.978,6.3,26.0,1974-03-06 19:29:08
18.068,-105.847,6.3,35.0,1991-01-01 00:06:31
-3.0856,148.5531,6.1,7.0,2014-03-11 22:03:10
-22.572,-68.571,5.8,112.2,1993-11-14 01:59:20
36.392,71.506,6.1,106.5,2001-11-23 20:43:04
-4.762,134.038,5.5,33.0,1985-02-17 21:36:52
-21.568,-174.233,5.9,33.0,1988-11-05 03:04:41
42.182,-125.641,6.9,11.0,1991-07-13 02:50:15
43.249,146.381,6.1,33.0,1997-07-14 16:09:36
-17.833,-178.417,5.5,587.9,2006-11-13 11:56:39
-17.428,167.268,5.7,10.0,2011-08-22 06:04:54
-7.168,155.107,5.8,10.0,2007-05-01 01:45:24
-15.285,-173.525,5.5,33.0,2000-01-14 18:44:44
9.59,-78.966,6.1,38.0,2009-07-04 06:49:36
-19.247,168.948,7.4,129.0,1992-10-11 19:24:26
39.263,75.533,5.6,18.2,1993-11-30 20:37:13
-22.483,-178.413,7.2,377.2,1992-07-11 10:44:20
-3.464,141.31,5.5,34.0,1983-01-21 14:20:09
-56.879,-48.76,6.4,10.0,1986-12-22 14:18:38
-44.159,94.223,5.6,10.0,1991-01-29 03:13:13
37.248,71.375,5.6,98.4,2012-07-19 07:36:35
-32.636,-112.034,5.6,10.0,1987-12-08 14:47:59
-44.451,-78.207,5.6,10.0,2008-05-20 15:16:04
50.835,157.103,6.1,54.0,1973-03-12 19:39:21
54.21,-164.476,5.6,35.0,1965-12-30 02:06:35
-55.4278,-28.3088,5.6,7.24,2014-08-02 14:02:19
-0.061,125.058,5.6,33.0,1977-06-28 22:02:43
-23.72,179.03,5.5,566.2,2011-07-19 07:15:56
-29.252,-177.44,6.2,25.0,2008-03-18 08:22:47
-24.799,179.919,5.7,496.8,2011-08-11 01:13:41
11.657,-86.856,6.6,33.0,1996-03-03 14:55:12
-7.763,107.567,5.7,33.0,1977-08-14 21:38:51
35.433,138.987,5.6,33.0,1996-03-06 14:35:28
-41.392,-86.003,5.5,10.0,2006-12-12 23:08:36
-60.3,150.453,5.7,33.0,1974-01-18 06:52:43
-25.265,-69.044,5.8,103.2,1967-08-20 15:03:36
-22.427,-175.162,5.7,66.6,1995-03-31 16:39:57
49.877,154.968,5.7,121.4,1971-10-29 14:06:31
-21.983,-179.584,5.5,602.0,2003-08-28 20:39:47
51.148,-178.175,6.1,13.7,1992-09-30 09:42:51
-22.715,-177.494,6.4,181.0,1979-08-05 00:53:46
40.282,143.124,6.3,33.0,2000-10-03 04:13:30
-4.543,153.147,6.0,45.8,1993-11-11 10:13:55
39.573,76.999,5.6,68.7,1998-08-02 04:40:46
-4.946,152.682,5.6,103.9,1996-03-09 15:19:40
-21.101,-179.145,5.6,659.0,1977-12-14 18:52:35
-9.321,158.732,6.0,33.0,1997-10-10 18:45:52
14.765,-91.186,5.8,157.5,1999-12-12 17:57:29
-55.829,-26.999,5.9,32.5,1972-02-13 21:05:58
14.422,-93.784,5.6,34.7,1981-08-17 02:18:59
-15.723,-173.046,5.9,33.0,1977-10-14 04:55:35
-15.34,-173.423,5.8,54.7,2004-05-16 07:50:33
-56.772,-68.478,6.5,14.0,1975-12-29 03:39:43
60.018,-152.693,5.5,95.5,2005-05-19 01:12:30
-3.919,-76.602,6.3,96.5,1992-07-13 18:11:34
46.302,13.197,6.0,10.0,1976-09-15 03:15:20
28.699,130.05,5.6,43.6,1986-04-30 23:14:44
-6.551,155.004,5.6,33.0,1995-03-03 11:46:01
0.653,98.711,7.0,30.0,1971-02-04 15:33:29
27.096,143.236,5.6,10.0,2010-12-21 20:18:43
-7.599,127.654,6.0,58.0,1977-06-29 07:24:25
-10.4,161.135,6.0,82.2,1986-01-27 07:35:24
14.46,-89.775,5.5,274.2,1997-05-15 04:39:22
36.659,141.122,5.7,53.0,1992-06-01 13:51:22
38.48,143.154,5.9,10.0,2005-08-24 10:14:48
-16.489,178.028,5.5,24.4,1983-12-20 16:06:08
61.348,-152.27,5.7,143.9,1988-11-30 08:55:31
52.906,-168.647,5.6,50.3,2005-07-29 05:00:30
8.734,127.324,5.7,20.0,1969-03-20 23:38:40
48.117,-71.183,5.9,28.9,1988-11-25 23:46:04
53.03,162.406,5.9,33.0,1981-02-01 22:43:28
51.273,-176.182,5.8,33.0,1996-06-11 11:00:47
-14.928,167.17,7.1,103.0,2001-01-09 16:49:28
-62.8705,155.7431,6.2,20.56,2014-04-17 15:06:51
-46.196,166.13,5.7,30.4,2009-07-16 22:18:23
-44.881,35.508,5.8,10.0,1967-06-12 05:21:09
-17.768,167.83,6.2,33.0,1994-10-01 17:46:38
7.831,136.88,6.3,10.0,2002-08-14 13:12:40
25.006,-109.329,5.8,10.0,1996-03-19 15:31:36
-14.0848,-76.3113,6.1,20.0,2014-03-15 08:59:22
36.267,141.527,5.5,23.1,2011-03-11 11:56:13
-15.3,-173.556,6.1,35.5,1991-10-17 09:05:20
-20.521,168.837,5.6,30.0,1972-09-14 09:24:13
-20.206,173.088,5.8,20.7,2007-02-19 14:33:35
-8.548,67.814,5.7,10.0,2006-07-12 14:44:46
-15.848,-179.376,6.7,23.4,1998-01-12 16:36:20
-23.575,-175.824,5.7,29.1,1990-11-25 01:00:53
-6.238,-107.154,5.6,10.0,2004-08-15 03:41:18
-22.468,-176.332,5.5,109.5,2000-09-14 17:33:29
-23.01,-70.466,5.6,32.2,1995-10-12 22:57:10
-32.3335,-72.0629,6.2,18.0,2015-09-19 12:52:21
-31.422,-111.028,5.7,6.7,1994-09-03 09:02:54
39.716,140.76,5.9,38.1,1998-09-03 07:58:21
-6.194,131.574,5.6,39.0,1980-04-20 08:09:03
36.668,71.247,5.6,46.5,1986-07-17 15:46:37
-23.059,-70.598,5.9,14.7,2007-11-17 17:54:33
45.156,137.446,6.0,326.0,2008-06-29 20:53:05
-29.915,-177.885,6.8,30.5,1989-02-25 11:26:35
2.905,124.813,5.6,212.8,1969-07-21 22:06:57
-25.633,-70.679,7.0,35.0,1965-02-23 22:11:47
-29.453,-177.295,5.6,62.0,1976-02-01 06:38:00
-5.662,146.116,5.5,59.0,1978-07-21 10:56:08
3.397,96.318,7.0,33.0,1976-06-20 20:53:13
-18.28,-178.281,5.5,632.2,1992-08-01 06:06:45
-44.77,35.495,5.7,10.0,2007-02-26 23:49:54
-10.965,119.103,5.6,33.0,1980-06-20 18:51:31
-60.763,-38.088,5.6,33.0,1974-07-06 14:51:24
-21.932,-175.973,5.7,123.6,1972-07-21 08:37:13
45.478,150.942,5.8,25.0,1969-08-02 00:34:20
-10.886,164.116,5.7,39.3,1984-05-26 23:00:51
-31.262,-69.063,5.7,112.1,1990-09-04 23:15:11
1.226,97.269,5.5,30.0,2005-11-04 17:44:48
33.683,136.894,7.2,368.1,1984-01-01 09:03:39
-3.14,148.174,5.5,51.6,1990-09-03 00:39:02
